Original Job Title,Job,Company,Location,Min Salary,Max Salary,Avg Salary
Analista de datos,Data Analyst,Skandia Operadora De F...,Ciudad de México,20000.0,25000.0,22500.0
Analista de Datos,Data Analyst,General De Seguros,Ciudad de México,,,
Analista de datos MDM,Data Analyst,Grupo Alnus S.A. De C.V.,Nuevo León,17000.0,20000.0,18500.0
ANALISTA DE DATOS ECOMMERCE,Data Analyst,Grupo Daisa,Ciudad de México,16000.0,16000.0,16000.0
Analista de datos maestros,Data Analyst,Confidential,Nuevo León,10000.0,10000.0,10000.0
Coordinador analista de datos,Data Analyst,Confidential,Ciudad de México,,,
ANALISTA DE DATOS / EXPERTO EN EXCEL,Data Analyst,Confidential,Jalisco,11000.0,13000.0,12000.0
Analista de Datos en Azure (6 meses),Data Analyst,Sygno,Nuevo León,55000.0,60000.0,57500.0
Analista de Datos (Power Bi-Tableau),Data Analyst,Confidential,Ciudad de México,29000.0,29000.0,29000.0
Analista de base de datos,Data Analyst,Servicios De Energia E...,Nuevo León,25000.0,27000.0,26000.0
Analista de Bases de Datos BI,Data Analyst,Confidential,Ciudad de México,28000.0,29000.0,28500.0
Analista de Gestión de Datos Jr.,Data Analyst,Pepsico División Foods,Sonora,11000.0,11500.0,11250.0
Data Analyst,Data Analyst,Michael Page,Remote/NA,,,
Data Analyst,Data Analyst,Alia,Ciudad de México,60000.0,65000.0,62500.0
Data analyst,Data Analyst,Confidential,Ciudad de México,30000.0,35000.0,32500.0
Data analyst,Data Analyst,"Carl Zeiss De México, ...",Ciudad de México,,,
Portfolio Data Analyst,Data Analyst,Banamex,Ciudad de México,,,
Analista Datos/CEDIS,Data Analyst,Cloe Personale Ii Sa D...,Jalisco,,,
Analista datos maestros,Data Analyst,Confidential,Estado de México,,,
Analista de datos,Data Analyst,Confidential,Estado de México,,,
Analista de Datos,Data Analyst,Sistemes Integrats Cor...,Ciudad de México,20000.0,30000.0,25000.0
Analista de datos,Data Analyst,Heybanco,Nuevo León,12000.0,14000.0,13000.0
Analista de datos,Data Analyst,"Manpower, S.A. De C.V.",Aguascalientes,15000.0,22000.0,18500.0
Analista de Datos,Data Analyst,"Aerovías De México, Sa...",Ciudad de México,,,
Analista de datos,Data Analyst,Corporativo Laboral Y ...,Ciudad de México,35000.0,37000.0,36000.0
Analista de datos,Data Analyst,Cia Periodistica Esto,Ciudad de México,20000.0,30000.0,25000.0
Analista de Datos,Data Analyst,"Corsa Transportes,Sa.D...",Nuevo León,15000.0,17000.0,16000.0
Analista de datos,Data Analyst,Dcs Delta Corporate Se...,Ciudad de México,8000.0,8000.0,8000.0
ANALISTA DE DATOS,Data Analyst,Confidential,Ciudad de México,12000.0,15000.0,13500.0
Analista de Datos,Data Analyst,Thtec Talento Humano E...,Ciudad de México,45000.0,45000.0,45000.0
Analista de Datos,Data Analyst,Holcim,Jalisco,,,
ANALISTA DE DATOS,Data Analyst,Sedegral Seguridad Pri...,Ciudad de México,10000.0,14000.0,12000.0
Analista de Datos,Data Analyst,"Autofin, S.A.",Estado de México,15000.0,18000.0,16500.0
Analista de datos,Data Analyst,Confidential,Ciudad de México,,,
ANALISTA DE DATOS,Data Analyst,Embe Personal S.A. De ...,Yucatán,,,
Analista de Datos,Data Analyst,Farmacéuticos Maypo,Ciudad de México,20000.0,22000.0,21000.0
Analista de Datos,Data Analyst,"Uline, Inc.",Nuevo León,,,
Analista de datos,Data Analyst,Evc Consultores,Jalisco,12000.0,12001.0,12000.5
Analista de Datos,Data Analyst,Dasavena Gourmet Sa De...,Jalisco,17000.0,20000.0,18500.0
Analista de Datos,Data Analyst,Megacable,Estado de México,16000.0,19000.0,17500.0
Analista de datos,Data Analyst,Confidential,Nuevo León,,,
Analista de Datos,Data Analyst,Conduent De México Sa ...,Chihuahua,10000.0,10800.0,10400.0
Analista de datos y proceso,Data Analyst,Kelly Services,Estado de México,,,
analista de datos sr,Data Analyst,Confidential,Ciudad de México,22000.0,22000.0,22000.0
Analista de Datos Jr.,Data Analyst,"Previta, S.A De C.V.",Ciudad de México,28000.0,30000.0,29000.0
Analista de datos sr.,Data Analyst,Confidential,Ciudad de México,70000.0,80000.0,75000.0
Analista de Datos Jr.,Data Analyst,Nueva Wal Mart De Mexi...,Ciudad de México,15000.0,20000.0,17500.0
Analista de datos jr,Data Analyst,Herramientas Truper,Ciudad de México,30000.0,32000.0,31000.0
Analista de datos JR,Data Analyst,Servicios Enki De Mexi...,Ciudad de México,,,
Analista de datos Sr.,Data Analyst,Confidential,Ciudad de México,80000.0,80000.0,80000.0
Analista de datos jr,Data Analyst,Repsol,Ciudad de México,,,
Analista de Datos E commerce,Data Analyst,Operadora De Servicios...,Estado de México,26000.0,26000.0,26000.0
Analista de datos en valuación,Data Analyst,Ernst & Young,Ciudad de México,,,
Analista de datos jr,Data Analyst,Adecco,Ciudad de México,18000.0,20000.0,19000.0
Analista de Datos Jr,Data Analyst,Pepsico División Foods,Yucatán,8713.0,8713.0,8713.0
Analista de Datos de Productos,Data Analyst,"Travers Tool, S De Rl ...",Querétaro,22000.0,25000.0,23500.0
ANALISTA DE DATOS CALIDAD,Data Analyst,Grupo Danone/Bonafont,San Luis Potosí,,,
Analista de datos (Deshboard),Data Analyst,Grupo Salinas,Ciudad de México,30000.0,40000.0,35000.0
analista de datos -motos,Data Analyst,Waldo'S Dolar Mart De ...,Ciudad de México,17000.0,17000.0,17000.0
Analista de datos financieros,Data Analyst,Out Helping,Guanajuato,18000.0,20000.0,19000.0
Analista de datos (actuario),Data Analyst,Confidential,Yucatán,9000.0,10700.0,9850.0
CAPTURISTA / ANALISTA DE DATOS,Data Analyst,Gxo Logistics Mexico,Estado de México,,,
Capturista y analista de datos,Data Analyst,Pepsico División Foods,Michoacán,,,
Científico/ Analista de datos,Data Analyst,Hitss,Ciudad de México,23000.0,24000.0,23500.0
ANALISTA DE DATOS EN MARKETING,Data Analyst,Confidential,Ciudad de México,15000.0,15000.0,15000.0
Analista de datos en ventas,Data Analyst,"Denak, S.A De C.V.",Ciudad de México,,,
Analista de Datos y Compras,Data Analyst,Cnx Internacional S.A....,Nuevo León,18000.0,25000.0,21500.0
Analista de datos maestros,Data Analyst,Tiendas Soriana,Nuevo León,,,
Capturista/Analista de datos,Data Analyst,Capital En Movimiento,Ciudad de México,9000.0,9000.0,9000.0
Ingeniero Analista de Datos,Data Analyst,Confidential,Ciudad de México,,,
Analista de datos / sector educativo,Data Analyst,Universidad Latinoamer...,Ciudad de México,10000.0,10000.0,10000.0
Analista de Datos -Power BI,Data Analyst,Computacenter Mexico S...,Ciudad de México,,,
ANALISTA DE DATOS - Inglés indispensable,Data Analyst,Grupo Empresarial Cose...,Jalisco,28000.0,30000.0,29000.0
Analista de Datos (Banca Seguros),Data Analyst,Banca Mifel,Ciudad de México,,,
Analista de datos de servicios digitales,Data Analyst,Bbva Bancomer,Ciudad de México,,,
Analista de Datos / Data Analyst,Data Analyst,Tecnológico De Monterrey,Nuevo León,,,
Analista de datos y PM Tecmilenio,Data Analyst,Universidad Tecmilenio,Nuevo León,19000.0,20000.0,19500.0
ANALISTA DE DATOS (para agencia de promociones)),Data Analyst,Confidential,Ciudad de México,13974.0,13974.0,13974.0
Analista de Datos (Power Bi),Data Analyst,5-18 Consulting Group ...,Ciudad de México,26000.0,35000.0,30500.0
Analista de Datos de Sistema PIM,Data Analyst,"Travers Tool, S De Rl ...",Querétaro,22000.0,25000.0,23500.0
Analista de Datos / Recién Egresados,Data Analyst,Servicios Integrales E...,Ciudad de México,,,
ANALISTA DE DATOS Y PROCESOS DE SEGURIDAD OPERACIONAL,Data Analyst,Grupo Aeroportuario De...,Ciudad de México,,,
Analista de Datos y Soporte a Sistemas Temporal,Data Analyst,Pepsico División Foods,Remote/NA,,,
"Analista de datos Jr (Phyton, R)",Data Analyst,Confidential,Ciudad de México,14000.0,14000.0,14000.0
Ingeniero/A Analista de Datos (Big Data),Data Analyst,Confidential,Querétaro,,,
Gerente Analista de Datos / Power BI,Data Analyst,Human Staff,Nuevo León,55000.0,60000.0,57500.0
BECARIO ANALISTA DE DATOS RECURSOS HUMANOS,Data Analyst,Naseda,Ciudad de México,4000.0,4000.0,4000.0
Trabajo Desde Casa Analista de Datos de Desarrollo de Negoci,Data Analyst,Bairesdev Llc / (Tax I...,Jalisco,,,
Trabajo Desde Casa Analista de Datos Desarrollo de Negocio,Data Analyst,Bairesdev Llc / (Tax I...,Ciudad de México,,,
Analista de Datos - Empresa de Generación de Energía Renovable,Data Analyst,Michael Page,Remote/NA,,,
Analista de Datos / Información BI,Data Analyst,Comercializadora Sanbi...,Ciudad de México,14000.0,15000.0,14500.0
ANALISTA DE DATOS MAESTROS - CATÁLOGO DE ARTÍCULOS SAP,Data Analyst,Confidential,Ciudad de México,19000.0,19000.0,19000.0
Trabajo Desde Casa Analista de Datos Senior / Ref. 1028S(RD),Data Analyst,Bairesdev Llc / (Tax I...,Ciudad de México,,,
Trabajo Desde Casa Analista de Datos Senior /Ref. 1028S (RD),Data Analyst,Bairesdev Llc / (Tax I...,Jalisco,,,
Analista base de datos,Data Analyst,Femsa,Estado de México,15000.0,15700.0,15350.0
Analista base de datos,Data Analyst,Financiera Independenc...,Ciudad de México,16500.0,17000.0,16750.0
Analista Info Comercial / Analista de Datos - 1 año exp,Data Analyst,Holcim,Jalisco,,,
Auxiliar analista de datos( EXCEL-TABLA DINAMICA),Data Analyst,"Productos Maver, S.A. ...",Jalisco,12000.0,13000.0,12500.0
Analista Analisis de datos||Dashboards,Data Analyst,Banorte,Ciudad de México,19900.0,19950.0,19925.0
Analista de base de datos,Data Analyst,Confidential,Estado de México,20000.0,25000.0,22500.0
Analista de base de datos,Data Analyst,Transportes Castores D...,Guanajuato,17000.0,19000.0,18000.0
Analista de Base de datos,Data Analyst,Asesores Y Consultores...,Ciudad de México,10000.0,12000.0,11000.0
ANALISTA DE BASE DE DATOS,Data Analyst,"Jurídico Colemart, S.C.",Ciudad de México,8000.0,8001.0,8000.5
Analista de base de datos,Data Analyst,Centro Integral Optico...,Estado de México,15000.0,20000.0,17500.0
Analista de base de datos,Data Analyst,Grupo Salinas,Ciudad de México,15000.0,17000.0,16000.0
Analista de base de datos,Data Analyst,Pepsico División Foods,Baja California Sur,10000.0,10500.0,10250.0
Analista de base de datos,Data Analyst,"Migdal Asociados, A.C.",Ciudad de México,14000.0,14000.0,14000.0
Analista de Base de datos,Data Analyst,Financiera Sustentable...,Ciudad de México,12000.0,15000.0,13500.0
ANALISTA DE BASE DE DATOS,Data Analyst,Seguros Pensiones Bano...,Nuevo León,23000.0,23000.0,23000.0
Analista de base de datos,Data Analyst,Adecco,Ciudad de México,14999.0,15000.0,14999.5
Analista Jr de Datos SQL y Python,Data Analyst,Optimissa Capital Mark...,Ciudad de México,,,
ANALISTA BASES DE DATOS (SINIESTROS AUTOS),Data Analyst,"Seguros Atlas, S.A.",Ciudad de México,,,
Analista de análisis de datos y reportes,Data Analyst,Volaris,Ciudad de México,,,
ANALISTA DE BASE DE DATOS (SQL),Data Analyst,Confidential,Ciudad de México,,,
Analista de base de datos 11500,Data Analyst,Mantenimiento De Redes...,Estado de México,11500.0,12000.0,11750.0
Analista de bases de datos jr,Data Analyst,Confidential,Ciudad de México,10000.0,11000.0,10500.0
ANALISTA INFRAESTRUCTURA | ANALISIS DE DATOS,Data Analyst,Banorte,Ciudad de México,17200.0,17300.0,17250.0
Recién Egresados (Analista de Base de Datos),Data Analyst,"Carters Brands, S.A. D...",Ciudad de México,18000.0,20000.0,19000.0
ANALISTA DE BASE DE DATOS WORKFORCE MANAGEMENT,Data Analyst,Confidential,Ciudad de México,7000.0,7000.0,7000.0
Analista de base de datos - Call Center - Excel Intermedio,Data Analyst,Confidential,Jalisco,30000.0,35000.0,32500.0
Data analyst Fintech,Data Analyst,Confidential,Ciudad de México,,,
Data analyst,Data Analyst,Confidential,Jalisco,,,
Data Analyst (Temporary - 12 months),Data Analyst,Pepsico División Foods,Remote/NA,,,
DATA ANALYST,Data Analyst,Banca Mifel,Ciudad de México,,,
HR Data Analyst (Temporal),Data Analyst,Pepsico División Foods,Nuevo León,,,
Data analyst ---- Proyecto 3 meses,Data Analyst,"Gonet, S.A. De C.V.",Ciudad de México,,,
Online Data Analyst - Mexico,Data Analyst,Telus International Ai,Remote/NA,,,
Data analyst,Data Analyst,Ids Comercial,Ciudad de México,45000.0,50000.0,47500.0
Data Analyst,Data Analyst,Santander,Ciudad de México,60000.0,70000.0,65000.0
Work From Home Senior Data Analyst / Ref. 1028E (RD),Data Analyst,Bairesdev Llc / (Tax I...,Ciudad de México,,,
Data Analyst/BI,Data Analyst,Hitss,Ciudad de México,23000.0,24000.0,23500.0
Customer Solutions Data Analyst,Data Analyst,Adecco,Ciudad de México,20000.0,22000.0,21000.0
SQL Server Data Analyst,Data Analyst,Caspex Corp,Remote/NA,70000.0,85000.0,77500.0
Sr Data Analyst,Data Analyst,Servicios Axity Mexico...,Ciudad de México,50000.0,53000.0,51500.0
Work From Home Senior Data Analyst / Ref. 1028E (RD),Data Analyst,Bairesdev Llc / (Tax I...,Jalisco,,,
Data Analyst en Azure,Data Analyst,Consiss,Nuevo León,,,
Data Analyst,Data Analyst,"Uline, Inc.",Nuevo León,,,
Data Procurement Analyst,Data Analyst,Grupo Peñafiel,Ciudad de México,,,
Data Tech Analyst - Content Management,Data Analyst,Banamex,Ciudad de México,,,
Streamming and Big Data Senior Analyst,Data Analyst,Banamex,Ciudad de México,,,
Data Architecture Lead Analyst,Data Analyst,Banamex,Ciudad de México,,,
Data Warehouse Senior Analyst,Data Analyst,Banamex,Ciudad de México,,,
Data Quality Sr. Analyst,Data Analyst,Banamex,Ciudad de México,,,
Data Analytics Intmd Analyst - C11,Data Analyst,Banamex,Ciudad de México,,,
Data Quality Intermediate Analyst - C11,Data Analyst,Banamex,Ciudad de México,,,
Info Sec Tech Lead Analyst – Mainframe Data Protection.,Data Analyst,Banamex,Ciudad de México,,,
Business Intelligence Intermediate Analyst,Business Intelligence Analyst,Banamex,Ciudad de México,,,
Data analyst,Data Analyst,Johnson Controls,Nuevo León,45000.0,55000.0,50000.0
Data analyst,Data Analyst,Satellite Teams S De R...,Ciudad de México,18000.0,24000.0,21000.0
Data analyst,Data Analyst,Tata Consultancy Servi...,Ciudad de México,,,
Portfolio Data Analyst,Data Analyst,Banamex,Ciudad de México,36000.0,36000.0,36000.0
Data Analyst (Freelancer),Data Analyst,Aumenta Desarrollo De ...,San Luis Potosí,,,
Master data analyst,Data Analyst,Confidential,Ciudad de México,35000.0,40000.0,37500.0
Master data analyst,Data Analyst,Estee Lauder Cosmeticos,Ciudad de México,,,
Business Data Analyst,Data Analyst,Michael Page,Remote/NA,,,
Data Analyst Engineer,Data Analyst,Confidential,Guanajuato,,,
Sr Manufacturing Data Analyst,Data Analyst,Randstad,Nuevo León,,,
IT FINANCE DATA ANALYST,Data Analyst,Santander,Querétaro,,,
iDoc Master Data Analyst,Data Analyst,Pepsico División Foods,Remote/NA,,,
Practicante analista (Data Analyst),Data Analyst,Bsm Sa De Cv,Querétaro,,,
Data Analyst-Digital Banking Projects,Data Analyst,Santander,Ciudad de México,,,
Data Analyst And Coordination Engineer,Data Analyst,Alten Ingenieria Mexic...,Estado de México,,,
Data Analyst/Market Intelligence Specialist,Data Analyst,Confidential,Nuevo León,,,
"Analista de Planificación Financiera ""Data analyst&quot",Data Analyst,Bbva Bancomer,Ciudad de México,,,
Transf Assoc Analyst (Data Analyst) Jr. (Materials),Data Analyst,Pepsico División Foods,Remote/NA,,,
Work From Home ERP / CRM Data Analyst / Ref. 1028E,Data Analyst,Bairesdev Llc / (Tax I...,Jalisco,,,
Work From Home ERP / CRM Data Analyst / Ref. 1028E,Data Analyst,Bairesdev Llc / (Tax I...,Ciudad de México,,,
Work From Home Business Development Data Analyst / Ref. 0244,Data Analyst,Bairesdev Llc / (Tax I...,Jalisco,,,
Work From Home Business Development Data Analyst / Ref. 0244,Data Analyst,Bairesdev Llc / (Tax I...,Ciudad de México,,,
Data & Analytics Analyst,Data Analyst,Pepsico División Foods,Remote/NA,,,
Data Governance Analyst,Data Analyst,Confidential,Ciudad de México,,,
Data Quality Analyst (Temporal),Data Analyst,Pepsico División Foods,Remote/NA,,,
Data and Cost Analyst JR,Data Analyst,Sas Empresarial De Sal...,Puebla,17000.0,19000.0,18000.0
Work From Home Business and Data Science Analyst/ Ref. 1028E,Data Analyst,Bairesdev Llc / (Tax I...,Jalisco,,,
Work From Home Business and Data Science Analyst/Ref. 1028E,Data Analyst,Bairesdev Llc / (Tax I...,Ciudad de México,,,
Data Engineer Supply Chain Analyst,Data Analyst,Pepsico División Foods,Remote/NA,,,
CIENTIFICO DE DATOS,Data Scientist,Bancoppel,Ciudad de México,,,
Data scientist,Data Scientist,Cognizant Technology S...,Jalisco,,,
Data Scientist Jr (C10),Data Scientist,Banamex,Ciudad de México,,,
Data Scientist Jr,Data Scientist,Banamex,Ciudad de México,,,
Intern Data Scientist,Data Scientist,Banamex,Ciudad de México,,,
Expert Data Scientist,Data Scientist,General De Seguros,Ciudad de México,,,
"Business Intelligence Program Manager, Advanced English",Business Intelligence Analyst,Randstad,Ciudad de México,60000.0,80000.0,70000.0
MACHINE LEARNING ENGINEER,Machine Learning Engineer,Betterware De Mexico S...,Jalisco,,,
Científico de Datos,Data Scientist,Grupo Sanborns,Ciudad de México,,,
Científico de datos,Data Scientist,Confidential,Ciudad de México,39000.0,39000.0,39000.0
Científico de Datos,Data Scientist,Ecosistemex S. De R.L....,Ciudad de México,90000.0,90000.0,90000.0
Científico de Datos,Data Scientist,Bancoppel,Ciudad de México,,,
Científico de Datos,Data Scientist,Bancoppel,Sinaloa,,,
Científico de datos,Data Scientist,Sky,Ciudad de México,30000.0,33000.0,31500.0
Científico de datos,Data Scientist,"Gonet, S.A. De C.V.",Ciudad de México,,,
Científico de datos,Data Scientist,Grupo Alsea,Ciudad de México,35000.0,40000.0,37500.0
Científico de datos,Data Scientist,Bancoppel,Ciudad de México,,,
CIENTIFICO DE DATOS,Data Scientist,Banorte,Ciudad de México,40000.0,50000.0,45000.0
Científico de datos,Data Scientist,Confidential,Ciudad de México,,,
Científico de datos,Data Scientist,Liverpool,Ciudad de México,,,
UAP -Científico de Datos,Data Scientist,"Asesoría Educativa, S.C.",Puebla,,,
Científico de Datos Jr,Data Scientist,Ku-Bo Financiero Sa De...,Ciudad de México,,,
TrabajoDesdeCasa Científico Datos Senior / Ref. 0960S (RD),Data Scientist,Bairesdev Llc / (Tax I...,Jalisco,,,
Cientifico de datos Jr,Data Scientist,Banorte,Ciudad de México,27000.0,27001.0,27000.5
CIENTIFICO DE DATOS- ESTADÍSTICA DE DATOS,Data Scientist,Bancoppel,Ciudad de México,,,
Líder de DevTeam (Científico de Datos) Tecmilenio,Data Scientist,Universidad Tecmilenio,Nuevo León,,,
Trabajo Desde Casa Científico de Datos Senior / Ref. 0960S,Data Scientist,Bairesdev Llc / (Tax I...,Ciudad de México,,,
Científico de datos (Híbrido 2 veces X sem en Ofi Polanco),Data Scientist,Kairós Digital Solutio...,Ciudad de México,30000.0,35000.0,32500.0
Data Scientist,Data Scientist,Liverpool,Ciudad de México,,,
Data Scientist Jr/Semi Sr.,Data Scientist,Confidential,Ciudad de México,,,
Data Scientist,Data Scientist,Confidential,Ciudad de México,36000.0,45000.0,40500.0
Senior Data Scientist,Data Scientist,"Manpower, S.A. De C.V.",Ciudad de México,,,
Junior Data Scientist,Data Scientist,"Manpower, S.A. De C.V.",Ciudad de México,,,
Work From Home Senior Data Scientist / Ref. 0960E (RD),Data Scientist,Bairesdev Llc / (Tax I...,Jalisco,,,
Work From Home Senior Data Scientist / Ref. 0960E (RD),Data Scientist,Bairesdev Llc / (Tax I...,Ciudad de México,,,
Sr Data Scientist,Data Scientist,"Enterprise Solutions, ...",Ciudad de México,70000.0,80000.0,75000.0
Senior Data Scientist,Data Scientist,Michael Page,Remote/NA,,,
"Data Scientist Manager (Ciudad de México, Cuauhtémoc)",Data Scientist,Bbva Bancomer,Ciudad de México,,,
EGRESADAS TI Ing Actuaria para Data Engineer Data Scientist,Data Scientist,Capgemini México,Remote/NA,12000.0,15000.0,13500.0
DATA ENGINEER O ARQUITECTO DE DATOS AWS,Data Engineer,Indra,Ciudad de México,,,
INGENIERO SR DE DATOS,Data Engineer,Fundación Rafael Donde...,Yucatán,,,
Coordinador DWH e inteligencia de negocios,Business Intelligence Analyst,Confidential,Jalisco,,,
INGENIERO DE DATOS,Data Engineer,Hitss,Ciudad de México,32000.0,33000.0,32500.0
Data Science,Data Scientist,Omnicom Media Directio...,Ciudad de México,,,
Becario Business Analyst -Naucalpan,Business Analyst,Sociedad Nacional Prom...,Estado de México,6000.0,6000.0,6000.0
Coordinador DataScience,Data Scientist,"Farmacias Del Ahorro, ...",Nuevo León,,,
Business intelligence analyst,Business Intelligence Analyst,"Stefanini México, S.A....",Ciudad de México,35000.0,39000.0,37000.0
Data engineer (100% Remoto / Proyecto de 4 meses),Data Engineer,"Gonet, S.A. De C.V.",Ciudad de México,,,
Work From Home Data Engineer / Ref. 0960E,Data Engineer,Bairesdev Llc / (Tax I...,Ciudad de México,,,
Trabajo Desde Casa Ingeniero de Datos / Ref. 0339S,Data Engineer,Bairesdev Llc / (Tax I...,Jalisco,,,
Trabajo Desde Casa Ingeniero de Datos / Ref. 0339S,Data Engineer,Bairesdev Llc / (Tax I...,Ciudad de México,,,
Ingeniero de datos,Data Engineer,Bancoppel,Sinaloa,,,
Sr Data Engineer,Data Engineer,Addon Technologies Inc.,Jalisco,75000.0,80000.0,77500.0
Data engineer,Data Engineer,Segula Servicios Empre...,Estado de México,30000.0,40000.0,35000.0
Científico de Datos,Data Scientist,Universidad De Monterrey,Nuevo León,,,
ANALISTA CIENTIFICO DE DATOS,Data Analyst,Cemex Holdings,Nuevo León,,,
Data Scientist,Data Scientist,Resideo,San Luis Potosí,,,
Senior Data Scientist,Data Scientist,Takeda Pharmaceuticals,Ciudad de México,,,
Data Scientist R&D,Data Scientist,Mondelez International,Estado de México,,,
Work From Home Data Scientist Data Engineer Ref. 0960E - Get Hired Fast,Data Scientist,Grabjobs,Ciudad de México,,,
Campus Graduate - Data Scientist Specialist,Data Scientist,Dow Venture Capital,Tamaulipas,,,
Data Scientist & Analytics Engineer Lead,Data Scientist,Grabjobs,Nuevo León,,,
Director of Data Science,Data Scientist,Grabjobs,Ciudad de México,,,
Científico de Datos,Data Scientist,Grupo Coppel,Sinaloa,,,
Data Scientist,Data Scientist,Gohire,Nuevo León,,,
Data Scientist Jr,Data Scientist,Workable Ats,Ciudad de México,,,
Data Scientist,Data Scientist,Takeda Pharmaceuticals,Ciudad de México,,,
Data Scientist,Data Scientist,Cognizant,Jalisco,,,
Data Scientist,Data Scientist,Kantar Public,Ciudad de México,,,
Data Scientist,Data Scientist,Kantar Added Value,Ciudad de México,,,
Data Scientist,Data Scientist,Kantar Retail,Ciudad de México,,,
Data Scientist,Data Scientist,Kantar,Ciudad de México,,,
Data Scientist II,Data Scientist,Fortra,Remote/NA,,,
Senior Data Scientist,Data Scientist,Michael Page México,Ciudad de México,,,
Data Scientist Jr (C10),Data Scientist,Citigroup,Ciudad de México,,,
Sr Data Scientist,Data Scientist,Nielseniq,Ciudad de México,,,
Sr. Data scientist,Data Scientist,Chubb ,Nuevo León,,,
Lead Data Scientist,Data Scientist,Transunion,Tabasco,,,
Intern Data Scientist,Data Scientist,Citigroup,Ciudad de México,,,
Data Scientist / Machine Learning Engineer (Credit Analysis) (Mexico),Data Scientist,Workable Ats,Ciudad de México,,,
"Acceleration Centers - P&T, Labs, Data Scientist, Senior Manager",Data Scientist,Pwc México,Veracruz,,,
"Acceleration Centers - P&T, Labs, Data Scientist, Senior Manager",Data Scientist,Pwc,Veracruz,,,
Products &  Tech - Data Science Senior Associate,Data Scientist,Pwc,Ciudad de México,,,
Products & Tech - Data Science Senior Associate,Data Scientist,Pwc México,Ciudad de México,,,
Analista Ciencia de Datos (12311),Data Analyst,Arca Continental,Nuevo León,,,
Data Engineer,Data Engineer,Chubb ,San Luis Potosí,,,
Data Scientist,Data Scientist,Adi Global,San Luis Potosí,,,
Senior Data Scientist,Data Scientist,Takeda Pharmaceutical ...,Ciudad de México,,,
Senior Data Scientist,Data Scientist,Zillow Group Inc.,Ciudad de México,,,
ANALISTA DE DATOS Job,Data Analyst,Paccar,Baja California,,,
Analista Ciencia de Datos (12311),Data Analyst,Arca Continental,Remote/NA,,,
Data Scientist,Data Scientist,Dacodes,Remote/NA,,,
Data Scientist,Data Scientist,Ids Comercial,Remote/NA,,,
Data Scientist,Data Scientist,Fractal,Ciudad de México,,,
Data Scientist,Data Scientist,Takeda Pharmaceutical ...,Ciudad de México,,,
Data Scientist,Data Scientist,Paypal Inc.,Ciudad de México,,,
Data Scientist,Data Scientist,Cognizant Technology S...,Jalisco,,,
Data Scientist,Data Scientist,Kantar Group,Ciudad de México,,,
Data Scientist,Data Scientist,Herbalife,Jalisco,,,
Data Scientist,Data Scientist,Bosch Group,Remote/NA,,,
Data Scientist Jr,Data Scientist,Multiplica Talent,Ciudad de México,,,
Data Scientist II,Data Scientist,Zillow Group Inc.,Ciudad de México,,,
Senior Data Scientist,Data Scientist,Payjoy,Ciudad de México,,,
Sr. Data Scientist,Data Scientist,Media.Monks,Remote/NA,,,
Senior Data Scientist,Data Scientist,Paypal Inc.,Ciudad de México,,,
Sr Data Scientist,Data Scientist,Nielseniq,Ciudad de México,,,
Ingeniero de datos,Data Engineer,"Siti, Servicios Integr...",Ciudad de México,30000.0,32000.0,31000.0
Data engineer,Data Engineer,Confidential,Jalisco,50000.0,60000.0,55000.0
Data engineer,Data Engineer,Servicios Axity Mexico...,Ciudad de México,,,
Data engineer,Data Engineer,Everis,Remote/NA,38000.0,43000.0,40500.0
Data engineer (100%Home Office - Freelance),Data Engineer,"Gonet, S.A. De C.V.",Ciudad de México,,,
Data engineer,Data Engineer,Capgemini México,Nuevo León,,,
Big Data Engineer Sr - Inglés,Data Engineer,Servicios Axity Mexico...,Ciudad de México,55000.0,60000.0,57500.0
Lider de Inteligencia de Negocios,Business Intelligence Analyst,Aliat Universidades,Ciudad de México,25000.0,30000.0,27500.0
BI ANALYST,Business Intelligence Analyst,Confidential,Yucatán,20000.0,25000.0,22500.0
Ingeniero de datos,Data Engineer,Reclutamiento En Tecno...,Ciudad de México,35000.0,40000.0,37500.0
Ingeniero de Datos,Data Engineer,Farmacéuticos Maypo,Ciudad de México,,,
Ingeniero de datos,Data Engineer,Confidential,Ciudad de México,40000.0,50000.0,45000.0
Ingeniero de datos,Data Engineer,Confidential,Ciudad de México,,,
Ingeniero de datos,Data Engineer,Bbva Bancomer,Ciudad de México,32000.0,35000.0,33500.0
Ingeniero de Datos,Data Engineer,Internacional De Siste...,Nuevo León,30000.0,33000.0,31500.0
Ingeniero de datos,Data Engineer,Information Technology...,Ciudad de México,,,
Ingeniero de datos,Data Engineer,Profesionales En Talen...,Ciudad de México,,,
Ingeniero de datos,Data Engineer,Bancoppel,Ciudad de México,,,
Ingeniero de datos,Data Engineer,Catanah,Nuevo León,,,
Ingeniero de datos (SSIS),Data Engineer,Consiss,Nuevo León,38000.0,42000.0,40000.0
INGENIERO DE DATOS DWH,Data Engineer,Univa,Ciudad de México,20000.0,30000.0,25000.0
Ingeniero de Datos (Ingles Avanzado),Data Engineer,"Bimbo, S.A. De C.V.",Ciudad de México,,,
Ingeniero de datos / Desarrollador / Hibrido,Data Engineer,Ids Comercial,Ciudad de México,60000.0,68000.0,64000.0
INGENIERO SR BASE DE DATOS,Data Engineer,Grupo Industrial Miner...,Ciudad de México,60000.0,60000.0,60000.0
Trabajo Desde Casa Ingeniero de Plataforma de Datos,Data Engineer,Bairesdev Llc / (Tax I...,Ciudad de México,,,
Ingeniero en Redes de Datos y Comunicaciones semi,Data Engineer,Datalogic Sa De Cv,Nuevo León,25000.0,30000.0,27500.0
Trabajo Desde Casa Ingeniero de Plataforma de Datos / Ref. 0,Data Engineer,Bairesdev Llc / (Tax I...,Ciudad de México,,,
Data engineer,Data Engineer,Confidential,Remote/NA,,,
Data Engineer,Data Engineer,Work Cast Solutions Sa...,Remote/NA,60000.0,70000.0,65000.0
Sr. Data Engineer,Data Engineer,Inetum Holding Mexico ...,Remote/NA,60000.0,70000.0,65000.0
Data Engineer Sr,Data Engineer,Neoris(Cemtec),Nuevo León,,,
Data Engineer Bilingüe,Data Engineer,Confidential,Nuevo León,,,
Data engineer,Data Engineer,Confidential,Guanajuato,,,
Data Engineer Jr.,Data Engineer,Indra,Ciudad de México,15000.0,20000.0,17500.0
Data Engineer,Data Engineer,Consultoria Y Operacio...,Ciudad de México,,,
Data Engineer,Data Engineer,Adecco,Ciudad de México,35000.0,40000.0,37500.0
Data Engineer AWS,Data Engineer,Quality & Knowledge On...,Ciudad de México,34000.0,36000.0,35000.0
Data engineer,Data Engineer,Confidential,Ciudad de México,,,
Data Engineer Jr,Data Engineer,Adecco,Ciudad de México,15000.0,20000.0,17500.0
Data Engineer - Dataiku - Inglés Avanzado,Data Engineer,Servicios Axity Mexico...,Ciudad de México,40000.0,45000.0,42500.0
Senior Data Engineer (Qlik),Data Engineer,Confidential,Jalisco,60000.0,75000.0,67500.0
Data engineer,Data Engineer,Servicios Axity Mexico...,Ciudad de México,,,
Data Engineer Jr,Data Engineer,Lentes Galileo Sa De Cv,Ciudad de México,19000.0,21500.0,20250.0
GCP Data Engineer,Data Engineer,Payco Technology S De ...,Ciudad de México,50000.0,55000.0,52500.0
Data engineer,Data Engineer,Capgemini México,Ciudad de México,,,
Senior Data Engineer,Data Engineer,Microsys Technologies ...,Jalisco,,,
Data Engineer SQL,Data Engineer,Liverpool,Ciudad de México,,,
Data Engineer GCP,Data Engineer,Adecco,Ciudad de México,,,
"Data Engineer (Python, Spark)",Data Engineer,Softtek,Remote/NA,,,
Manufacturing Data Engineer,Data Engineer,Randstad,Nuevo León,38000.0,48000.0,43000.0
Data Engineer (Temporal - 3 Meses),Data Engineer,Confidential,Remote/NA,,,
Data Engineer Azure,Data Engineer,Softtek,Remote/NA,60000.0,70000.0,65000.0
Sr SWE - Data Engineering,Data Engineer,Michael Page,Remote/NA,,,
Data Engineer,Data Engineer,Ait Vanguardia Tecnoló...,Ciudad de México,42000.0,45000.0,43500.0
Data engineer (Databricks),Data Engineer,"Manpower, S.A. De C.V.",Estado de México,80000.0,90000.0,85000.0
Data Engineer (Databricks),Data Engineer,"Manpower, S.A. De C.V.",Estado de México,80000.0,90000.0,85000.0
Data Engineer Sr/Jr,Data Engineer,Inacomb,Ciudad de México,,,
Data Engineer Sr/Jr,Data Engineer,Inacomb,Jalisco,,,
Data Engineer Sr/Jr,Data Engineer,Inacomb,Nuevo León,,,
GCP Data Engineer,Data Engineer,Shorewse Consulting Me...,Ciudad de México,,,
Data Engineer Jr,Data Engineer,Capgemini México,Aguascalientes,10000.0,12000.0,11000.0
Data Engineer Jr,Data Engineer,Capgemini México,Ciudad de México,10000.0,12000.0,11000.0
Data Engineer,Data Engineer,Reclutamiento En Tecno...,Ciudad de México,30000.0,40000.0,35000.0
Data engineer - Junior,Data Engineer,Consultoria Y Operacio...,Ciudad de México,,,
Data engineer/SCALA,Data Engineer,Cognizant Technology S...,Jalisco,60000.0,70000.0,65000.0
Data engineer - Semi Sr,Data Engineer,Consultoria Y Operacio...,Ciudad de México,,,
Data Engineer,Data Engineer,Liverpool,Ciudad de México,,,
Sr. Engineer for Data Engineering,Data Engineer,Michael Page,Remote/NA,,,
Trainee Data Engineer,Data Engineer,Capgemini México,Ciudad de México,,,
Cloud Data Engineer,Data Engineer,Confidential,Querétaro,,,
Work From Home Big Data Engineer / Ref. 0099E,Data Engineer,Bairesdev Llc / (Tax I...,Jalisco,,,
Work From Home Big Data Engineer / Ref. 0099E,Data Engineer,Bairesdev Llc / (Tax I...,Ciudad de México,,,
Procurement Data Engineer III,Data Engineer,Johnson Controls,Nuevo León,,,
Data Engineer with Fivetran developer,Data Engineer,"Enterprise Solutions, ...",Remote/NA,70000.0,80000.0,75000.0
Data Architect,Data Architect,"Azka It Consulting, Sa...",Ciudad de México,,,
Arquitecto de Datos /ING. BI,Data Architect,Bancoppel,Sinaloa,,,
COORDINADOR BUSINESS INTELLIGENCE,Business Intelligence Analyst,Servicios Administrati...,Jalisco,30000.0,30000.0,30000.0
Data Visualization Engineer,Data Engineer,Softtek,Remote/NA,,,
Engineer DATA Base engineer,Data Engineer,Confidential,Estado de México,18000.0,20000.0,19000.0
Data QA Engineer,Data Engineer,Michael Page,Remote/NA,,,
Data Integration Engineer (GCP),Data Engineer,Kode It S.C.,Ciudad de México,58000.0,63000.0,60500.0
Work From Home Data Platform Engineer / Ref. 0339E (RD),Data Engineer,Bairesdev Llc / (Tax I...,Ciudad de México,,,
Arquitecto cloud Datos,Data Architect,Everis,Remote/NA,65000.0,70000.0,67500.0
Data Architect,Data Architect,Softtek,Remote/NA,70000.0,80000.0,75000.0
Arquitecto de Datos Azure,Data Architect,Monterrey It Cluster,Ciudad de México,60000.0,70000.0,65000.0
Arquitecto de Datos Azure,Data Architect,Monterrey It Cluster,Ciudad de México,65000.0,70000.0,67500.0
Arquitecto de Datos Cloud,Data Architect,Invex Grupo Financiero,Ciudad de México,20000.0,30000.0,25000.0
Coordinador Arquitecto de Datos con exp en nube Azure,Data Architect,Confidential,Remote/NA,40000.0,50000.0,45000.0
"Data Arquitect /Arquitecto de Datos / AB Initio, ETL",Data Architect,Confidential,Ciudad de México,,,
Arquitecto de Gobierno de datos y empresarial,Data Architect,Confidential,Remote/NA,55000.0,60000.0,57500.0
Data Architect,Data Architect,Servicios Axity Mexico...,Ciudad de México,40000.0,50000.0,45000.0
Data Architect Jr (Inglés Avanzado),Data Architect,Servicios Axity Mexico...,Ciudad de México,40000.0,41000.0,40500.0
Data Architect,Data Architect,Michael Page,Remote/NA,,,
--Data Architect--,Data Architect,Softtek,Ciudad de México,,,
Data Architect,Data Architect,Deloitte,Ciudad de México,,,
Data Architect,Data Architect,Deloitte,Remote/NA,,,
Work From Home Big Data Architect / Ref. 0099E,Data Architect,Bairesdev Llc / (Tax I...,Jalisco,,,
Work From Home Big Data Architect / Ref. 0099E,Data Architect,Bairesdev Llc / (Tax I...,Ciudad de México,,,
Ingenierode Base de Datos-AZURE/Presencial,Data Engineer,Confidential,Nuevo León,,,
ARQUITECTO DATOS JR,Data Architect,Santander,Ciudad de México,,,
Data Architect,Data Architect,Michael Page México,Ciudad de México,,,
Data Architect - EY GDS,Data Architect,Ey,Ciudad de México,,,
Data Architect - EY GDS,Data Architect,Ernst & Young Mexico,Ciudad de México,,,
Data Architect,Data Architect,Baxter Global,Jalisco,,,
Senior Data Architect,Data Architect,Blanc Labs,Remote/NA,,,
Sr Data Architect,Data Architect,Icodde,Ciudad de México,,,
Oliver Wyman - Sr Data Architect - Mexico City,Data Architect,Marsh & Mclennan Compa...,Ciudad de México,,,
Data Architect - EY GDS,Data Architect,Ey,Ciudad de México,,,
Sr. Data Architect,Data Architect,Edenred,Ciudad de México,,,
Data Architect,Data Architect,Baxter International I...,Jalisco,,,
Data Analyst Pipeline,Data Analyst,Michelin,Oaxaca,,,
Incident Management Analyst - Enterprise Business Planning (EBP),Business Analyst,Hp Development Company...,Jalisco,,,
Data Engineer Job,Data Engineer,Paccar,Baja California,,,
Analista Senior de Artista de Datos,Data Analyst,"Herdez, S.A. De C.V.",Ciudad de México,31396.0,31396.0,31396.0
Analista de inteligencia de negocios,Business Intelligence Analyst,Capacidades Humanas Y ...,Ciudad de México,17000.0,18000.0,17500.0
Analista de mejora continua Bienes Raíces,Business Intelligence Analyst,Nueva Wal Mart De Mexi...,Ciudad de México,29000.0,37000.0,33000.0
Analista Contabilidad general,Business Intelligence Analyst,Banorte,Ciudad de México,17800.0,17800.0,17800.0
IT Business Sr Analyst,Business Analyst,Banamex,Ciudad de México,,,
Business Senior Analyst C12,Business Analyst,Banamex,Ciudad de México,,,
Business analyst,Business Analyst,Confidential,Remote/NA,,,
Business analyst,Business Analyst,Ids Comercial,Ciudad de México,,,
Business Analyst,Business Analyst,Everis,Querétaro,,,
Business Analyst,Business Analyst,Servicios Axity Mexico...,Ciudad de México,,,
Business analyst,Business Analyst,Getecsa,Jalisco,,,
Business analyst,Business Analyst,Confidential,Estado de México,,,
Business Analyst Sr,Business Analyst,Banamex,Ciudad de México,,,
IT Business Analyst,Business Analyst,Confidential,Ciudad de México,,,
Business Analyst - Comercio Digital,Business Analyst,Internacional De Siste...,Nuevo León,20000.0,27000.0,23500.0
IT Business Analyst Jr.,Business Analyst,Banamex,Ciudad de México,,,
Becario Business Analyst -Naucalpan,Business Analyst,Sociedad Nacional Prom...,Estado de México,,,
Business Risk Analyst-C11,Business Analyst,Banamex,Ciudad de México,,,
Business Process Analyst Back Office,Business Analyst,Confidential,Nuevo León,,,
Business Intelligence Analyst and Tableau,Business Intelligence Analyst,Cognizant Technology S...,Ciudad de México,,,
Business & Technology Analyst - Auxiliar de sistemas,Business Analyst,Confidential,Yucatán,,,
Business Lead analyst - Space & Occupancy Manager,Business Analyst,Banamex,Ciudad de México,,,
"Analyst, IT Business (Workday)",Business Analyst,Confidential,Ciudad de México,,,
Business analyst,Business Analyst,Ingeniosi Sapi De Cv,Ciudad de México,,,
BUSINESS ANALYST,Business Analyst,Uniteller Banorte,Nuevo León,40000.0,50000.0,45000.0
Business analyst,Business Analyst,Customsoft S.C.,Ciudad de México,35000.0,36500.0,35750.0
Business analyst,Business Analyst,Sye Software S.A. De C...,Ciudad de México,16000.0,18500.0,17250.0
Business analyst,Business Analyst,Sistemes Integrats Cor...,Ciudad de México,24000.0,24000.0,24000.0
Business analyst,Business Analyst,Confidential,Ciudad de México,,,
Business Analyst,Business Analyst,"Wipro Technologies, S....",Ciudad de México,,,
Business analyst,Business Analyst,Capgemini México,Aguascalientes,,,
Business analyst,Business Analyst,Confidential,Ciudad de México,,,
Business analyst,Business Analyst,Confidential,Ciudad de México,,,
BUSINESS ANALYST,Business Analyst,Hitss,Ciudad de México,,,
Business analyst,Business Analyst,Latin America Business...,Ciudad de México,20000.0,21000.0,20500.0
Business analyst,Business Analyst,Capgemini México,Ciudad de México,,,
Business analyst,Business Analyst,Innovacion Metodologia...,Ciudad de México,,,
Business analyst,Business Analyst,"Infosys Technologies, ...",Ciudad de México,,,
Business analyst,Business Analyst,British American Tobac...,Nayarit,11000.0,11093.0,11046.5
Business analyst,Business Analyst,Confidential,Querétaro,,,
Business Analyst,Business Analyst,"Gonet, S.A. De C.V.",Ciudad de México,,,
Business analyst sr,Business Analyst,Reclutamiento En Tecno...,Ciudad de México,30000.0,35000.0,32500.0
Business Analyst Babok,Business Analyst,Everis,Ciudad de México,,,
Business analyst Jr,Business Analyst,Neoris(Cemtec),Ciudad de México,32000.0,32000.0,32000.0
Business analyst jr.,Business Analyst,Avantare Consultores,Ciudad de México,25000.0,30000.0,27500.0
Business Analyst Pr,Business Analyst,Softtek,Ciudad de México,,,
Business Analyst MKT,Business Analyst,Sky,Ciudad de México,15000.0,20000.0,17500.0
Senior Business Analyst,Business Analyst,Zegovia Rh Sa De Cv,Ciudad de México,45000.0,50000.0,47500.0
Business analyst bilingüe,Business Intelligence Analyst,Ids Comercial,Ciudad de México,42000.0,42000.0,42000.0
Business Analyst Oracle,Business Analyst,Confidential,Ciudad de México,,,
Technical Business Analyst,Business Analyst,"Wipro Technologies, S....",Ciudad de México,40000.0,45000.0,42500.0
Business Analyst BI,Business Intelligence Analyst,Softtek,Ciudad de México,,,
Business analyst - IT,Business Analyst,Softtek,Aguascalientes,,,
Oracle Business Analyst I,Business Analyst,"Manpower, S.A. De C.V.",San Luis Potosí,60000.0,65000.0,62500.0
Business analyst with Frontend,Business Analyst,"Infosys Technologies, ...",Ciudad de México,,,
SAP SD Business Analyst,Business Analyst,Perfill Rh,Puebla,,,
Business Analyst de Desarrollos y Proyectos,Business Analyst,Grupo Salinas,Ciudad de México,30000.0,30000.0,30000.0
Business Analyst TI Nivel Senior,Business Analyst,Softtek,Remote/NA,,,
Business Analyst - Líder funcional,Business Analyst,Ids Comercial,Ciudad de México,35000.0,42000.0,38500.0
Business Analyst en Financiero Casa de Bolsa,Business Analyst,Confidential,Ciudad de México,,,
Business Analyst con Exp. en TECNOLOGÍA y en BANCOS,Business Analyst,Praxis,Ciudad de México,,,
Business analyst/ Analista de negocios- Procesos,Business Analyst,Kairós Digital Solutio...,Sinaloa,30000.0,32000.0,31000.0
SAP MM-Purchasing Business Analyst,Business Analyst,"Schaeffler De México, ...",Puebla,,,
IT Business Analyst ERP Intercompany,Business Analyst,Desarrollo En Competen...,Ciudad de México,,,
PMO JR / BUSINESS ANALYST JR,Business Analyst,E-Software & Business ...,Nuevo León,15000.0,25000.0,20000.0
Work From Home Business Analyst / Ref. 0031E,Business Analyst,Bairesdev Llc / (Tax I...,Jalisco,,,
Work From Home Business Analyst / Ref. 0031E,Business Analyst,Bairesdev Llc / (Tax I...,Ciudad de México,,,
Work From Home Agile Business Analyst / Ref. 0031E,Business Analyst,Bairesdev Llc / (Tax I...,Jalisco,,,
Work From Home Agile Business Analyst / Ref. 0031E,Business Analyst,Bairesdev Llc / (Tax I...,Ciudad de México,,,
Business system analyst,Business Analyst,Compucom Gsc,Ciudad de México,17000.0,19000.0,18000.0
Business intelligence analyst,Business Intelligence Analyst,Shelter Del Pacifico N...,Baja California,28000.0,34000.0,31000.0
SC Business Support Analyst,Business Analyst,Pepsico División Foods,Remote/NA,,,
Sr. Business Systems Analyst,Business Analyst,Confidential,Jalisco,60000.0,75000.0,67500.0
Business Intelligence Analyst Jr.,Business Intelligence Analyst,Pepsico División Foods,Remote/NA,,,
Business Developer Analyst (Desarrollador de Aplicaciones ),Business Analyst,Electro Componentes De...,Chihuahua,,,
"Analyst, Business Analysis",Business Analyst,Evo Payments Mexico. S...,Ciudad de México,,,
Work From Home Business Management Analyst / Ref. 0031E,Business Analyst,Bairesdev Llc / (Tax I...,Jalisco,,,
Work From Home Business Management Analyst / Ref. 0031E,Business Analyst,Bairesdev Llc / (Tax I...,Ciudad de México,,,
Work From Home Business Intelligence Analyst / Ref. 0078E,Business Intelligence Analyst,Bairesdev Llc / (Tax I...,Jalisco,,,
Work From Home Business Intelligence Analyst / Ref. 0078E,Business Intelligence Analyst,Bairesdev Llc / (Tax I...,Ciudad de México,,,
Liquidity Business Client Support Analyst,Business Analyst,"Manpower, S.A. De C.V.",Ciudad de México,,,
"Analyst, SAP Business Intelligence",Business Intelligence Analyst,Adecco,Remote/NA,50000.0,60000.0,55000.0
Work From Home Business Development Operations Analyst,Business Analyst,Bairesdev Llc / (Tax I...,Jalisco,,,
WorkFromHome Business Dev Operations Analyst / Ref.0097E,Business Analyst,Bairesdev Llc / (Tax I...,Nuevo León,,,
WorkFromHome Business Dev Operations Analyst / Ref.0097E,Business Analyst,Bairesdev Llc / (Tax I...,Estado de México,,,
WorkFromHome Business Dev Operations Analyst / Ref.0097E,Business Analyst,Bairesdev Llc / (Tax I...,Yucatán,,,
WorkFromHome Business Dev Operations Analyst / Ref.0097E,Business Analyst,Bairesdev Llc / (Tax I...,Jalisco,,,
Work From Home Business Development Operations Analyst,Business Analyst,Bairesdev Llc / (Tax I...,Ciudad de México,,,
WorkFromHome Business Dev Operations Analyst / Ref.0097E,Business Analyst,Bairesdev Llc / (Tax I...,Querétaro,,,
WorkFromHome Business Dev Operations Analyst / Ref.0097E,Business Analyst,Bairesdev Llc / (Tax I...,Baja California,,,
WorkFromHome Business Dev Operations Analyst / Ref.0097E,Business Analyst,Bairesdev Llc / (Tax I...,Ciudad de México,,,
Business Support Technical Reporting Analyst (MBS),Business Analyst,Pepsico División Foods,Ciudad de México,,,
Analista de negocios,Business Analyst,Cinemex,Ciudad de México,,,
Analista de negocios,Business Analyst,Sygno,Nuevo León,,,
Analista de Negocios Jr.,Business Analyst,Liverpool,Ciudad de México,,,
Analista de Negocios,Business Analyst,Kairós Digital Solutio...,Sinaloa,,,
Trabajo Desde Casa Analista de Negocios / Ref. 0031S,Business Analyst,Bairesdev Llc / (Tax I...,Jalisco,,,
Trabajo Desde Casa Analista de Negocios con Agile / Ref. 003,Business Analyst,Bairesdev Llc / (Tax I...,Jalisco,,,
Trabajo Desde Casa Analista de Negocios con Agile,Business Analyst,Bairesdev Llc / (Tax I...,Ciudad de México,,,
Trabajo Desde Casa Analista de Negocios / Ref. 0031S,Business Analyst,Bairesdev Llc / (Tax I...,Ciudad de México,,,
ANALISTA DE NEGOCIOS Y RENTABILIDAD (PRECIOS E INGRESOS),Business Intelligence Analyst,Raul Barragán De La Cruz,Yucatán,25000.0,35000.0,30000.0
Analista de Negocios TI,Business Analyst,E-Global,Ciudad de México,32000.0,35000.0,33500.0
ANALISTA DE NEGOCIOS TI,Business Analyst,Totaltech,Yucatán,45000.0,55000.0,50000.0
Analista BI,Business Intelligence Analyst,Confidential,Ciudad de México,27000.0,29000.0,28000.0
Analista de inteligencia de negocios Inmobiliarios,Business Intelligence Analyst,Nueva Wal Mart De Mexi...,Ciudad de México,29000.0,37000.0,33000.0
BI Analyst,Business Intelligence Analyst,Johnson Controls,Nuevo León,30000.0,40000.0,35000.0
IT BI Reporting Analyst,Business Intelligence Analyst,Gm Financial.,Nuevo León,23000.0,24000.0,23500.0
Analista de BI,Business Intelligence Analyst,Industrializadora Oleo...,Jalisco,16000.0,18000.0,17000.0
Analista de BI,Business Intelligence Analyst,Orag Mexico Consulting,Ciudad de México,25000.0,25001.0,25000.5
Analista BI,Business Intelligence Analyst,Marketing & Promotion,Ciudad de México,22000.0,24000.0,23000.0
Analista de inteligencia de negocios,Business Intelligence Analyst,"Pilgrim´S Pride, S De ...",Querétaro,,,
ANALISTA DE BI,Business Intelligence Analyst,Grupo Salinas,Ciudad de México,,,
ANALISTA BI,Business Intelligence Analyst,Grupo Salinas,Ciudad de México,,,
Consultor Analista BI,Business Intelligence Analyst,Bindik Soluciones,Ciudad de México,25000.0,30000.0,27500.0
Analista de Inteligenica de Negocios,Business Analyst,Test And Qa Corporation,Ciudad de México,,,
Business Intelligence Analyst,Business Intelligence Analyst,Grabjobs,Chihuahua,,,
Analista de datos con inglés avanzado,Data Analyst,Unisys,Ciudad de México,,,
Job Title IT BI Reporting Analyst,Business Intelligence Analyst,Gm Financial,Nuevo León,,,
Business Intelligence Analyst,Business Intelligence Analyst,Bombardier Recreationa...,Querétaro,,,
Business Intelligence Analyst,Business Intelligence Analyst,Bombardier Recreationa...,Chihuahua,,,
Sr Business Intelligence Analyst,Business Intelligence Analyst,Cbre,Chihuahua,,,
Sr Business Intelligence Analyst,Business Intelligence Analyst,Cbre Apac ,Chihuahua,,,
Business Intelligence Analyst,Business Intelligence Analyst,Jabil,Chihuahua,,,
"Business Intelligence Analyst, Marketing (Colombia Remote)",Business Intelligence Analyst,Turnitin,Ciudad de México,,,
"Business Intelligence Analyst, Marketing (Mexico Remote)",Business Intelligence Analyst,Turnitin,Ciudad de México,,,
Business Intelligence Intermediate Analyst,Business Intelligence Analyst,Citigroup,Ciudad de México,,,
Business Intelligence Analyst,Business Intelligence Analyst,Cognizant Technology S...,San Luis Potosí,,,
Analista de datos con inglés avanzado,Data Analyst,Unisys,Ciudad de México,,,
Sr Finance BI Analyst,Business Intelligence Analyst,Johnson Controls,Oaxaca,,,
Sr Programmer Analyst / BI ENGINEER - ALLDATA,Data Analyst,Autozone,Chihuahua,,,
Business Intelligence Analyst,Business Intelligence Analyst,Brp,Chihuahua,,,
Business Intelligence Analyst,Business Intelligence Analyst,Nestle Operational Ser...,Ciudad de México,,,
BUSINESS INTELLIGENCE ANALYST II,Business Intelligence Analyst,Te Connectivity,Sonora,,,
Sr Business Intelligence Analyst,Business Intelligence Analyst,Cbre,Chihuahua,,,
Business Intelligence Analyst,Business Intelligence Analyst,Jabil Inc.,Chihuahua,,,
ANALISTA BI,Business Intelligence Analyst,Banco Compartamos,Remote/NA,,,
Business Intelligence Analyst,Business Intelligence Analyst,Aviva,Ciudad de México,,,
"Business Intelligence Analyst, Marketing (Colombia Remote)",Business Intelligence Analyst,Jobs For Humanity,Ciudad de México,,,
"Business Intelligence Analyst, Marketing (Mexico Remote)",Business Intelligence Analyst,Jobs For Humanity,Ciudad de México,,,
"Business Intelligence Analyst, Marketing (Mexico Remote)",Business Intelligence Analyst,Turnitin Llc,Ciudad de México,,,
Business Intelligence Intermediate Analyst,Business Intelligence Analyst,Citigroup Inc.,Ciudad de México,,,
Data Engineer 2 (Games),Data Engineer,Lionbridge,Ciudad de México,,,
EY - GDS Consulting - GDS Data-Analytics - Adobe Data Analyst - Senior,Data Analyst,Ey,Ciudad de México,,,
EY - GDS Consulting - GDS Data-Analytics - Adobe Data Analyst - Senior 1,Data Analyst,Ey,Ciudad de México,,,
EY- GDS Consulting - GDS Data - Analytics Data Engineer - Senior 1,Data Engineer,Ey,Ciudad de México,,,
Business intelligence,Business Intelligence Analyst,Sye Software S.A. De C...,Ciudad de México,,,
Business intelligence,Business Intelligence Analyst,Grupo Salinas,Ciudad de México,,,
Business intelligence,Business Intelligence Analyst,Fundación Rafael Donde...,Ciudad de México,,,
Business Intelligence Intern,Business Intelligence Analyst,Estee Lauder Cosmeticos,Ciudad de México,,,
Analista Business Intelligence,Business Intelligence Analyst,"At&T, México",Ciudad de México,,,
Coordinador de Business Intelligence,Business Intelligence Analyst,Industrias Tuk Sa De Cv,Nuevo León,,,
Coordinador Business Intelligence,Business Intelligence Analyst,Confidential,Puebla,,,
Analista Business Intelligence,Business Intelligence Analyst,Nueva Wal Mart De Mexi...,Ciudad de México,20000.0,25000.0,22500.0
Becario Business Intelligence – Polanco,Business Intelligence Analyst,Sociedad Nacional Prom...,Ciudad de México,6500.0,6500.0,6500.0
Analista business intelligence Jr.,Business Intelligence Analyst,Servicios Broxel,Ciudad de México,,,
Business Intelligence - Marketing estratégico,Business Intelligence Analyst,Confidential,Guanajuato,16000.0,17000.0,16500.0
Analista Sr Business Intelligence,Business Intelligence Analyst,Confidential,Ciudad de México,,,
"Consultor Power BI, Business Intelligence",Business Intelligence Analyst,"Cci, Soporte Y Asesori...",Estado de México,30000.0,35000.0,32500.0
Desarrollador de Inteligencia de Negocios,Business Intelligence Analyst,Omex Alimentaria Sa De...,Jalisco,,,
Analista de Información BI,Business Intelligence Analyst,Confidential,Nuevo León,25000.0,29300.0,27150.0
Analista en Dashboards (BI),Business Intelligence Analyst,Confidential,Ciudad de México,14000.0,14000.0,14000.0
Profesor Tiempo Completo Inteligencia de Negocios,Business Intelligence Analyst,Universidad Popular Au...,Puebla,,,
Azure Machine Learning – Technical Support Engineer,Machine Learning Engineer,"Enterprise Solutions, ...",Jalisco,60000.0,70000.0,65000.0
Data science,Data Scientist,Confidential,Ciudad de México,,,
Data science,Data Scientist,Im It Services S.A. De...,Nuevo León,,,
Machine Learning Engineer,Machine Learning Engineer,Confidential,Ciudad de México,,,
Work From Home Machine Learning Engineer / Ref. 0129E,Machine Learning Engineer,Bairesdev Llc / (Tax I...,Jalisco,,,
Work From Home Machine Learning Engineer / Ref. 0129E,Machine Learning Engineer,Bairesdev Llc / (Tax I...,Ciudad de México,,,
